"city","date","pop","pos","f_pos","growth_w","infected","infected_n","tests","score","score_floor"
"דייר אל-אסד","2020-08-12",12594,16.3398692810458,8,3.571428571428566,39.7014451326028,49.999999999999964,242.972844211529,10,9
"ירכא","2020-08-12",15589,8.80634390651085,2,4.510638297872359,135.993328629162,212.00000000000065,1536.98120469562,10,10
"כפר ברא","2020-08-12",3793,19.5652173913043,8,6.000000000000001,47.4558397047192,17.999999999999993,242.552069601898,10,10
"מודיעין עילית","2020-08-12",76971,28.1736281736282,32,1.3819999999999997,89.7740707539203,690.9999999999999,317.262345558717,10,10
"חורפיש","2020-08-12",6378,9.375,2,14.999999999999977,70.555032925682,44.99999999999998,752.587017873942,9.7,9
"עילוט","2020-08-12",8412,40.0778210116732,32,16.999999999999954,121.255349500713,101.99999999999977,305.515929624346,9.3,9
"שעב","2020-08-12",7318,12.781954887218,4,8.500000000000021,23.2303908171632,17.00000000000003,181.743645804865,9,8
"נחל שורק","2020-08-12",9315,16.3265306122449,8,0.6250000000000024,16.1030595813205,15.000000000000046,105.206655931294,8.7,8
"נחף","2020-08-12",13415,15.3846153846154,8,1.2666666666666715,14.1632500931793,19.000000000000032,96.9064480059635,8.7,8
"עמנואל","2020-08-12",4201,20,8,0.7500000000000009,21.4234706022376,9.000000000000016,107.117353011188,8.7,8
"ג'ת","2020-08-12",12206,13.9455782312925,4,5.12499999999999,33.5900376863837,40.99999999999995,240.865148287727,8.6,8
"כפר מנדא","2020-08-12",20343,18.266253869969,8,2,29.4941749004572,60.00000000000008,158.776974880794,8.6,8
"אלקנה","2020-08-12",3729,3.44827586206897,1,0.1818181818181818,5.3633681952266,1.999999999999999,155.537677661571,8.5,8
"סביון","2020-08-12",4335,7.69230769230769,2,3.3333333333333237,23.0680507497116,9.999999999999979,299.884659746251,8.5,8
"צפת","2020-08-12",35967,16.2637362637363,8,1.6444444444444384,20.5744154363722,73.99999999999989,126.504851669586,8.5,8
"אליכין","2020-08-12",3440,10.5263157894737,4,2.666666666666669,23.2558139534884,8.000000000000009,220.93023255814,8.3,8
"כפר קאסם","2020-08-12",24074,18.6363636363636,8,2.3333333333333424,34.8924150535848,84.00000000000004,182.769793137825,8,8
"קרית יערים","2020-08-12",6269,23.5294117647059,16,2.222222222222215,31.9030148349019,20,135.587813048333,8,7
"ריינה","2020-08-12",16709,11.4427860696517,4,2.999999999999992,14.3635166676641,23.999999999999943,120.294452091687,8,8
"יואב","2020-08-12",8507,4.9645390070922,1,2.3333333333333353,8.22851769131304,7.000000000000004,165.745856353591,7.6,7
"אלעד","2020-08-12",47548,21.8890554722639,16,0.6058091286307056,30.7058130731051,146.00000000000014,140.279296710692,7.5,7
"בני ברק","2020-08-12",200806,19.0056818181818,8,0.835599505562423,33.6643327390616,676.0000000000003,175.293566925291,7.4,7
"אבו סנאן","2020-08-12",13317,3.61111111111111,1,1.7500000000000067,10.512878275888,14.00000000000005,270.33115566569,7.3,7
"רכסים","2020-08-12",12392,19.5121951219512,8,0.7619047619047614,25.823111684958,31.999999999999954,132.34344738541,7.3,7
"שפיר","2020-08-12",10976,16.5605095541401,8,1.0799999999999983,24.5991253644315,27.000000000000018,143.039358600583,7.3,7
"אלונה","2020-08-12",2078,9.09090909090909,2,2.000000000000002,9.62463907603465,2.0000000000000004,105.871029836381,7.2,7
"חורה","2020-08-12",17723,9.375,2,2.000000000000004,5.64238560063195,10.000000000000005,54.1669017660667,7.2,7
"סח'נין","2020-08-12",32736,7.71276595744681,2,2.521739130434777,17.7174975562072,57.999999999999886,229.716520039101,7.2,7
"טייבה","2020-08-12",43958,13.6825645035184,4,1.5714285714285738,40.0382182992857,176.00000000000009,290.959552299923,6.9,6
"ביתר עילית","2020-08-12",61648,21.3333333333333,16,0.6435643564356421,21.0874643135219,129.9999999999998,97.3267583701012,6.8,6
"כאוכב אבו אל-היג'א","2020-08-12",3872,6.86274509803922,2,1.7499999999999976,18.0785123966942,6.999999999999994,263.429752066116,6.7,6
"טירה","2020-08-12",26560,11.496062992126,4,2.517241379310336,27.4849397590361,72.99999999999989,239.081325301205,6.6,6
"קלנסווה","2020-08-12",23087,14.5952109464082,4,1.3061224489795915,55.4424567938667,128.00000000000006,379.867457876727,6.6,6
"בית שמש","2020-08-12",126846,15.3958944281525,8,0.7157190635451518,16.8708512684673,214.0000000000003,107.531967898081,6.5,6
"זרזיר","2020-08-12",8558,7.14285714285714,2,0.8750000000000001,8.17948118719327,7,114.512736620706,6.5,6
"שדות נגב","2020-08-12",10339,6.77966101694915,2,0.43750000000000094,6.77048070412999,6.999999999999997,114.130960441048,6.5,6
"חוף השרון","2020-08-12",11158,0.638297872340426,1,0.37500000000000033,2.68865388062377,3.0000000000000027,421.222441297724,6.3,6
"טמרה","2020-08-12",34332,3.83973288814691,1,2.181818181818182,6.99056274030059,23.999999999999986,174.472795060002,6.3,6
"ירושלים","2020-08-12",931272,12.3677948175568,4,1.2050128534704379,20.1337525449063,1874.9999999999982,162.444484532983,6.3,6
"תמר","2020-08-12",1202,7.40740740740741,2,0.333333333333334,16.6389351081531,2.0000000000000027,224.625623960067,6.3,6
"באקה אל-גרביה","2020-08-12",29564,10.2819237147595,4,1.1886792452830197,21.3097009876877,62.99999999999992,203.964280882154,6.2,6
"זמר","2020-08-12",7076,8.37004405286344,2,0.9473684210526296,25.4381006218202,17.999999999999975,320.8027133974,6.2,6
"נתיבות","2020-08-12",38479,14.4262295081967,4,0.9361702127659554,22.869617193794,87.99999999999993,158.528028275163,6.2,6
"פוריידיס","2020-08-12",13294,13.953488372093,4,4.999999999999987,18.8054761546562,24.999999999999954,129.381675944035,6.2,6
"קרית מלאכי","2020-08-12",24404,13.3507853403141,4,0.8225806451612903,20.8982134076381,51.000000000000014,156.531716112113,6.2,6
"גבעת זאב","2020-08-12",19016,12.6984126984127,4,0.7111111111111141,16.827934371056,32.000000000000085,132.519983172066,6.1,6
"ראש העין","2020-08-12",59420,7.04429920116195,2,1.2837837837837878,15.9878828677213,94.99999999999997,231.740154830024,6.1,6
"אור יהודה","2020-08-12",34763,5.81241743725231,2,0.5421686746987935,12.9447976296637,44.99999999999992,217.760262347899,6,6
"דבוריה","2020-08-12",10546,8.2051282051282,2,1.0666666666666664,30.3432581073393,32.00000000000002,369.808458183197,6,5
"כפר ורדים","2020-08-12",5516,1.92307692307692,1,0.16666666666666605,1.81290790427846,0.9999999999999986,94.2712110224801,6,5
"אום אל-פחם","2020-08-12",56190,9.35601458080194,2,1.147058823529413,13.8814735718099,77.99999999999983,146.467342943584,5.8,5
"מגדל","2020-08-12",1901,1.74672489082969,1,0.4000000000000008,21.0415570752236,4.000000000000006,1204.62914255655,5.8,5
"עומר","2020-08-12",7935,7.69230769230769,2,0.5714285714285746,10.0819155639572,8.000000000000037,131.064902331443,5.8,5
"שדות דן","2020-08-12",15093,8.63309352517986,2,1.5909090909090893,23.189558073279,34.99999999999999,276.287020473067,5.8,5
"גן רווה","2020-08-12",5686,8.19672131147541,2,0.555555555555554,8.79352796341892,4.999999999999998,107.281041153711,5.7,5
"עראבה","2020-08-12",26306,3.01003344481605,1,0.5294117647058817,3.4212727134494,8.999999999999991,113.662282369041,5.7,5
"קרית ביאליק","2020-08-12",39355,7.18954248366013,2,1.410256410256412,13.9753525600305,55.000000000000036,194.38444924406,5.7,5
"דאלית אל-כרמל","2020-08-12",17216,3.01204819277108,1,1.6666666666666667,2.9042750929368,4.999999999999995,96.4219330855019,5.6,5
"יפיע","2020-08-12",19283,9.15032679738562,2,0.638297872340425,15.5577451641342,29.999999999999975,158.689000674169,5.6,5
"מטה יהודה","2020-08-12",53758,7.11692084241104,2,2.1304347826087,18.2298448602999,98.0000000000002,256.147922169724,5.5,5
"נהריה","2020-08-12",59794,4.9382716049382704,1,1.2745098039215637,10.870655918654,64.99999999999973,216.744154931933,5.5,5
"אשדוד","2020-08-12",225707,7.51633986928105,2,0.8684863523573189,15.5068296508305,349.99999999999994,203.360994563749,5.4,5
"כפר קרע","2020-08-12",19150,6.87022900763359,2,1.800000000000004,14.0992167101828,27.000000000000064,205.221932114883,5.4,5
"קרית ארבע","2020-08-12",7354,9.09090909090909,2,1,6.7990209409845,5.000000000000002,74.7892303508295,5.4,5
"זבולון","2020-08-12",12182,1.74927113702624,1,1.2,4.9252996223937,6.000000000000005,281.56296174684,5.3,5
"אבן יהודה","2020-08-12",13310,5.34124629080119,2,4.500000000000001,13.5236664162284,18,253.193087903832,5.2,5
"פרדסיה","2020-08-12",6143,4.1958041958042,1,5.999999999999988,9.76721471593684,6.000000000000001,232.785284063161,5.2,5
"חבל מודיעין","2020-08-12",21012,11.5384615384615,4,1.5882352941176419,12.8498001142204,26.999999999999908,111.364934323244,5.1,5
"טבריה","2020-08-12",44940,6.06435643564356,2,0.7812500000000054,11.125945705385,50.00000000000019,179.795282599021,5.1,5
"טירת כרמל","2020-08-12",23087,4.52488687782805,1,0.5263157894736834,4.33144193702083,9.99999999999999,95.7248668081604,5,5
"מגילות ים המלח","2020-08-12",1809,8.82352941176471,2,0.7499999999999989,16.5837479270315,2.9999999999999982,187.949143173024,5,4
"נוף הגליל","2020-08-12",44195,4.10094637223975,1,0.9285714285714287,5.88301844100011,25.999999999999986,143.455141984387,5,4
"ערערה","2020-08-12",19996,4.38356164383562,1,0.8421052631578941,8.00160032006401,15.999999999999996,182.53650730146,5,4
"חריש","2020-08-12",14394,5.52486187845304,2,0.6111111111111124,7.64207308600806,11.000000000000002,125.746838960678,4.9,4
"נתניה","2020-08-12",216897,5.23255813953488,2,0.8495575221238962,8.85212796857495,192.00000000000006,166.530657408816,4.9,4
"קרית אונו","2020-08-12",37488,4.20932878270762,1,1.7272727272727284,10.1365770379855,38.00000000000004,234.475032010243,4.9,4
"בסמ""ה","2020-08-12",10726,7.5,2,1.6666666666666727,13.984710050345,15.000000000000046,186.462800671266,4.8,4
"ג'דיידה-מכר","2020-08-12",20765,6.7741935483871,2,1.9090909090909176,10.1131712015411,21.000000000000092,149.289670117987,4.8,4
"הגליל התחתון","2020-08-12",12000,6.60377358490566,2,2.333333333333332,5.83333333333333,6.999999999999997,88.3333333333333,4.8,4
"כסיפה","2020-08-12",17703,14.4444444444444,4,4.333333333333342,7.34338812630628,13.000000000000007,50.8388408744281,4.8,4
"כרמיאל","2020-08-12",46503,2.26969292389853,1,0.5806451612903216,3.87071801819237,17.999999999999975,161.064877534783,4.8,4
"נצרת","2020-08-12",78529,8.49947534102833,2,1,10.4420023176151,81.99999999999962,121.356441569357,4.8,4
"רחובות","2020-08-12",139246,6.05112154407929,2,0.7023809523809548,8.4742111083980909,118.00000000000004,137.670022837281,4.8,4
"רמלה","2020-08-12",75729,8.41423948220065,2,0.8888888888888911,13.7331801555547,104.0000000000002,163.2135641564,4.8,4
"ג'לג'וליה","2020-08-12",10188,12.1794871794872,4,1.818181818181815,19.6309383588536,20.00000000000005,153.121319199058,4.7,4
"גני תקווה","2020-08-12",19935,4.46428571428571,1,1.7777777777777766,8.02608477552044,15.999999999999996,168.547780285929,4.7,4
"מגאר","2020-08-12",22732,3.2171581769437,1,1.7142857142857153,5.27890198838642,12.00000000000001,164.085870139011,4.7,4
"עיילבון","2020-08-12",5713,7.29166666666667,2,6.999999999999983,12.2527568702958,6.99999999999999,168.037808506914,4.7,4
"עין מאהל","2020-08-12",13589,8.57142857142857,2,0.6315789473684202,17.6613437339024,23.99999999999997,180.292883950254,4.7,4
"רהט","2020-08-12",66917,7.88253477588872,2,1.0624999999999996,7.62138171167267,51.00000000000001,96.6869405382788,4.7,4
"שומרון","2020-08-12",45684,6.94444444444444,2,0.6458333333333331,6.78574555643114,31.000000000000018,94.5626477541371,4.7,4
"שפרעם","2020-08-12",41270,2.89351851851852,1,1.1904761904761916,6.05766900896535,25,209.353040949842,4.7,4
"חולון","2020-08-12",186840,5.45454545454545,2,0.7486910994764394,7.65360736459002,142.99999999999994,141.297366730893,4.6,4
"לוד","2020-08-12",76289,5.95238095238095,2,0.9638554216867525,10.4864397226337,80.00000000000023,176.172187340246,4.6,4
"מטה בנימין","2020-08-12",68838,10.3197674418605,4,0.8658536585365889,10.3140707167553,71.00000000000013,99.9447979313751,4.6,4
"מיתר","2020-08-12",10013,7.08661417322835,2,10,9.98701687805852,9.999999999999996,126.835114351343,4.6,4
"בועיינה-נוג'ידאת","2020-08-12",10137,0.757575757575758,1,0.16666666666666655,0.986485153398441,0.9999999999999997,130.216040248594,4.5,4
"בני שמעון","2020-08-12",10140,5.88235294117647,2,3.5000000000000053,6.90335305719921,6.999999999999998,117.357001972387,4.5,4
"קרית גת","2020-08-12",57490,5.19357884796978,2,0.7333333333333346,9.56688119672987,55.00000000000002,184.205948860671,4.5,4
"קרית טבעון","2020-08-12",15887,1.57068062827225,1,0.3333333333333333,1.88833637565305,3.000000000000001,120.224082583244,4.5,4
"בית ג'ן","2020-08-12",11913,5.51181102362205,2,2.800000000000007,11.7518677075464,14.000000000000027,213.21245697977,4.4,4
"בענה","2020-08-12",8433,5.17241379310345,2,6.000000000000009,7.11490572749911,5.999999999999999,137.554844064983,4.4,4
"הר חברון","2020-08-12",9154,5.95238095238095,2,2.5000000000000027,5.46209307406598,4.999999999999998,91.7631636443085,4.4,4
"חבל יבנה","2020-08-12",5503,1.66666666666667,1,0.24999999999999964,1.81719062329638,0.9999999999999978,109.031437397783,4.4,4
"חצור הגלילית","2020-08-12",9805,9.23076923076923,2,2,6.1193268740438604,6.000000000000005,66.2927078021418,4.4,4
"יקנעם עילית","2020-08-12",23156,3.80952380952381,1,0.36363636363636404,3.45482812230092,8.00000000000001,90.689238210399,4.4,4
"מגדל העמק","2020-08-12",26026,3.21428571428571,1,1.4999999999999958,3.4580803811573,8.99999999999999,107.584722969338,4.4,4
"מעלה עירון","2020-08-12",15089,12.6696832579186,4,2.545454545454551,18.5565643846511,28.000000000000046,146.464311750282,4.4,4
"מרחבים","2020-08-12",12978,7.29166666666667,2,1.076923076923079,10.7874865156419,14.000000000000059,147.942672214517,4.4,4
"מג'ד אל-כרום","2020-08-12",15425,7.10659898477157,2,1.5555555555555545,9.07617504051864,14.000000000000004,127.714748784441,4.3,4
"מזרעה","2020-08-12",3939,0,1,NA,0,0,109.164762630109,4.3,4
"חדרה","2020-08-12",95464,4.07569141193595,1,1.1095890410958915,8.48487387915864,81.00000000000003,215.89290203637,4.2,4
"טורעאן","2020-08-12",14592,6.58682634730539,2,1.5714285714285714,7.53837719298246,11.000000000000005,114.446271929825,4.2,4
"יהוד","2020-08-12",29016,5.25,2,0.807692307692307,7.23738626964433,20.99999999999999,137.854976564654,4.2,4
"מעלה אדומים","2020-08-12",37495,4.22885572139303,1,0.8048780487804879,8.80117348979864,33,214.42859047873,4.2,4
"מטה אשר","2020-08-12",28538,1.8,1,0.666666666666666,3.50409979676221,9.999999999999996,175.204989838111,4.1,4
"עמק חפר","2020-08-12",37947,5.68181818181818,2,1.8333333333333355,5.79755975439429,22.00000000000001,92.7609560703086,4.1,4
"ערד","2020-08-12",26965,3.98773006134969,1,0.8666666666666675,4.82106434266642,13.000000000000004,120.897459669943,4.1,4
"תל אביב - יפו","2020-08-12",456409,4.05709992486852,1,0.941176470588236,5.95956696734727,272.00000000000006,145.812199145941,4.1,4
"תל שבע","2020-08-12",20411,2.80373831775701,1,0.7499999999999974,1.46979569839792,2.9999999999999942,52.4227132428592,4.1,4
"אבו גוש","2020-08-12",7964,7.69230769230769,2,2.9999999999999947,11.3008538422903,8.999999999999995,146.911099949774,4,3
"אופקים","2020-08-12",31835,5.4590570719603,2,0.5789473684210535,6.91063295115439,22,126.590230877965,4,3
"באר טוביה","2020-08-12",21335,5.2434456928839,2,0.9333333333333332,6.56198734473869,13.999999999999996,125.146472931802,4,4
"כפר יונה","2020-08-12",22915,2.84900284900285,1,0.6666666666666662,4.36395374209033,9.999999999999991,153.174776347371,4,3
"עכו","2020-08-12",51209,4.49591280653951,1,1.1785714285714295,6.44417973403113,33.000000000000014,143.334179538753,4,4
"ערערה-בנגב","2020-08-12",18105,8.79120879120879,2,1.3333333333333315,4.4186688760011,7.999999999999993,50.2623584645126,4,4
"קרני שומרון","2020-08-12",8364,4.67289719626168,1,0.39999999999999886,7.17360114777618,5.999999999999997,127.929220468675,4,4
"רמת גן","2020-08-12",147072,4.23830467812875,1,1,7.27534812880766,107.00000000000003,170.052763272411,4,4
"אורנית","2020-08-12",8972,3.94736842105263,1,2.9999999999999996,3.34373606776638,2.999999999999996,84.7079803834151,3.9,3
"אכסאל","2020-08-12",14909,11.1111111111111,4,2.2307692307692375,19.4513381179154,29.00000000000007,175.062043061238,3.9,3
"ג'ולס","2020-08-12",6252,3.51758793969849,1,6.999999999999982,11.1964171465131,6.99999999999999,318.29814459373,3.9,3
"מרום הגליל","2020-08-12",14908,6.4,2,1,5.36624631070566,7.999999999999997,83.847598604776,3.9,3
"שגב-שלום","2020-08-12",10868,5.55555555555556,2,2.9999999999999987,2.7603974972396,2.999999999999997,49.6871549503128,3.9,3
"בית דגן","2020-08-12",6573,4.70588235294118,1,0.4444444444444443,6.0855012931690204,3.999999999999997,129.316902479842,3.8,3
"גדרה","2020-08-12",24904,3.24543610547667,1,1,6.4246707356248,16.000000000000004,197.960167041439,3.8,3
"מעלות-תרשיחא","2020-08-12",22597,2.57879656160458,1,1.1249999999999978,3.98282957914767,8.99999999999999,154.445280346949,3.8,3
"ראשון לציון","2020-08-12",242800,3.831529687043,1,1.099999999999999,5.43657331136738,131.99999999999997,140.815485996705,3.8,3
"אזור","2020-08-12",11965,4.05405405405405,1,1,5.8503969912244,6.999999999999996,123.694107814459,3.7,3
"ג'סר א-זרקא","2020-08-12",14967,1.14942528735632,1,2.0000000000000053,4.00881940268591,6.000000000000002,348.767288033674,3.7,3
"כפר כנא","2020-08-12",22786,9.82905982905983,2,2.0000000000000075,10.5327832879839,24.000000000000114,102.694637057843,3.7,3
"בסמת טבעון","2020-08-12",7914,3.2967032967033,1,3.0000000000000075,3.79075056861259,3.0000000000000036,114.986100581248,3.6,3
"כאבול","2020-08-12",12320,8.07453416149068,2,6.5000000000000435,10.5519480519481,13.00000000000006,130.681818181818,3.6,3
"נס ציונה","2020-08-12",45831,5.58882235528942,2,0.7368421052631581,6.10940193318933,28.000000000000018,109.314656018852,3.6,3
"פתח תקווה","2020-08-12",245533,4.37516374115798,1,0.7511111111111115,6.88298517918162,169.00000000000006,155.457718514416,3.6,3
"ברנר","2020-08-12",7394,2.66666666666667,1,1,2.70489586150933,1.9999999999999984,101.4335948066,3.5,3
"הר אדר","2020-08-12",4034,6.38297872340426,2,2.999999999999992,7.43678730788299,2.9999999999999982,116.5096678235,3.5,3
"מבואות החרמון","2020-08-12",7112,10.7142857142857,4,0.6,4.21822272215973,3,39.3700787401575,3.5,3
"מודיעין-מכבים-רעות","2020-08-12",87581,4.40705128205128,1,1.2500000000000009,6.27990089174593,55.000000000000036,142.496660234526,3.5,3
"מעלה יוסף","2020-08-12",10679,6.54205607476636,2,1.166666666666666,6.55492087274089,6.999999999999997,100.196647626182,3.5,3
"אילת","2020-08-12",56564,4.20711974110032,1,0.8437499999999999,4.77335407679796,26.999999999999982,109.256771091153,3.4,3
"דימונה","2020-08-12",35722,1.67958656330749,1,0.4814814814814821,3.63921392979117,13.000000000000018,216.673198589105,3.4,3
"כוכב יאיר","2020-08-12",9121,1.76991150442478,1,0.5,2.19274202390089,2.0000000000000018,123.8899243504,3.4,3
"מג'דל שמס","2020-08-12",11220,3.15315315315315,1,1.1666666666666667,6.23885918003565,7,197.860962566845,3.4,3
"מעיליא","2020-08-12",3186,4.54545454545455,1,0.6666666666666684,12.5549278091651,4.000000000000001,276.208411801632,3.4,3
"סאג'ור","2020-08-12",4118,3.65853658536585,1,0.4285714285714291,7.28508984944148,3.0000000000000013,199.125789218067,3.4,3
"רעננה","2020-08-12",75191,4.5346062052506,1,3.1666666666666727,7.58069449801173,57,167.174262877206,3.4,3
"אריאל","2020-08-12",18298,3.82775119617225,1,1.3333333333333335,4.37206252049404,7.999999999999996,114.220133347907,3.3,3
"באר יעקב","2020-08-12",25852,5.74712643678161,2,1.2727272727272736,5.41544174531951,13.999999999999996,100.959306823457,3.3,3
"באר שבע","2020-08-12",197168,3.65794573643411,1,0.8700564971751404,7.81059806865211,153.99999999999994,209.364602775298,3.3,3
"הוד השרון","2020-08-12",59938,4.44993819530284,1,1.2962962962962972,5.8393673462578,35.00000000000001,134.972805232073,3.3,3
"ירוחם","2020-08-12",10454,3.37837837837838,1,2.5000000000000027,4.78285823608188,4.999999999999998,141.572603788024,3.3,3
"כעביה-טבאש-חג'אג'רה","2020-08-12",5869,5,1,3.000000000000006,5.11160333958085,3.000000000000001,102.232066791617,3.3,3
"כפר סבא","2020-08-12",97982,2.84857571214393,1,0.7872340425531915,3.77620379253332,36.99999999999998,136.14745565512,3.3,3
"מגידו","2020-08-12",11286,2.06185567010309,1,0.3333333333333333,1.77210703526493,2,85.9471912103491,3.3,3
"שוהם","2020-08-12",20034,7.69230769230769,2,1.3636363636363624,7.48727163821503,14.999999999999991,97.3345312967954,3.3,3
"שער הנגב","2020-08-12",7689,3.40909090909091,1,0.7500000000000004,3.90167772142021,2.9999999999999996,114.44921316166,3.3,3
"ג'ש (גוש חלב)","2020-08-12",3134,0,1,0,0,0,124.441608168475,3.2,3
"גזר","2020-08-12",26084,4.28015564202335,1,0.5500000000000007,4.21714460972244,11.000000000000012,98.5278331544242,3.2,3
"קרית עקרון","2020-08-12",10630,3.6036036036036,1,4.000000000000002,3.76293508936971,4.000000000000002,104.421448730009,3.2,3
"אשקלון","2020-08-12",141817,3.40751043115438,1,0.6447368421052658,6.91031399620638,98.00000000000003,202.79656176622,3.1,3
"גוש עציון","2020-08-12",23870,5.01792114695341,2,1.5555555555555582,5.86510263929619,14.000000000000005,116.883116883117,3.1,3
"דייר חנא","2020-08-12",10652,4.9645390070922,1,1,6.57153586180999,7.000000000000002,132.369508073601,3.1,3
"יבנה","2020-08-12",46413,4.67479674796748,1,0.5,4.95550815504277,23.000000000000007,106.004783142654,3.1,3
"פסוטה","2020-08-12",3372,2.5,1,NA,5.93119810201661,2.000000000000001,118.623962040332,3.1,3
"קרית אתא","2020-08-12",57679,4.44711538461539,1,0.74,6.41481301686922,36.99999999999998,144.246606217167,3.1,3
"ביר אל-מכסור","2020-08-12",10068,2.73972602739726,1,0.3999999999999996,1.98649185538339,1.9999999999999971,72.5069527214938,3,2
"בת ים","2020-08-12",129868,3.48484848484848,1,0.9324324324324327,5.31308713462901,69.00000000000003,152.462500385006,3,2
"לב השרון","2020-08-12",21513,4.40677966101695,1,2.5999999999999983,6.04285780690745,12.999999999999996,137.126388695208,3,3
"משגב","2020-08-12",28509,1.56657963446475,1,1.5000000000000036,2.104598547827,5.999999999999994,134.34354063629,3,3
"רמת ישי","2020-08-12",7288,3.94736842105263,1,1.5,4.11635565312843,2.9999999999999996,104.281009879254,3,2
"חבל אילות","2020-08-12",4223,0,1,0,0,0,71.0395453469098,2.9,2
"חוף אשקלון","2020-08-12",17208,4,1,0.7272727272727283,4.64900046490005,8.000000000000005,101.696885169689,2.9,2
"מנשה","2020-08-12",18087,1.2396694214876,1,1,3.31729971802952,5.999999999999993,267.595510587715,2.9,2
"קרית שמונה","2020-08-12",22089,2.32558139534884,1,0.5000000000000014,1.81085608221287,4.000000000000009,77.8668115351532,2.9,2
"אור עקיבא","2020-08-12",19560,3.44827586206897,1,0.6666666666666663,5.11247443762781,9.999999999999996,133.435582822086,2.8,2
"חוף הכרמל","2020-08-12",29922,1.87793427230047,1,0.36363636363636437,1.33680903682909,4.000000000000003,71.185081211149,2.8,2
"עמק המעיינות","2020-08-12",13199,3.80952380952381,1,0.4,3.03053261610728,3.9999999999999987,79.5514811728161,2.8,2
"פרדס חנה-כרכור","2020-08-12",41541,4.52898550724638,1,1.9230769230769205,6.0181507426398,24.999999999999993,132.880768397487,2.8,2
"ראש פינה","2020-08-12",3067,9.52380952380952,2,2,6.521030322791,1.9999999999999996,68.4708183893055,2.8,2
"אפרת","2020-08-12",11403,2.9126213592233,1,0.5,2.63088660878716,2.9999999999999987,90.3271069016925,2.7,2
"חיפה","2020-08-12",273425,2.95336787564767,1,1.105769230769231,4.2059065557282604,114.99999999999996,141.172167870531,2.7,2
"קרית מוצקין","2020-08-12",43958,0.847457627118644,1,0.7999999999999974,1.81991901360389,7.99999999999998,214.75044360526,2.7,2
"הגלבוע","2020-08-12",30458,4.74308300395257,1,2.0000000000000053,3.93985159892311,12.000000000000009,83.0652045439622,2.6,2
"קדימה-צורן","2020-08-12",21047,5.57620817843866,2,1.1538461538461544,7.1269064474747,15,127.809188958046,2.6,2
"כפר יאסיף","2020-08-12",10667,3.27868852459016,1,0.857142857142857,5.62482422424299,5.999999999999997,171.557138839411,2.5,2
"מצפה רמון","2020-08-12",5009,2.27272727272727,1,NA,1.99640646835696,1.0000000000000013,87.8418846077061,2.5,2
"רמת נגב","2020-08-12",6699,2.63157894736842,1,0.5,1.49276011344977,1.0000000000000009,56.7248843110912,2.5,2
"שדרות","2020-08-12",27054,2.5,1,0.4444444444444448,2.9570488652325,8.000000000000005,118.2819546093,2.5,2
"בוקעאתא","2020-08-12",6658,0,1,NA,0,0,54.0702913787924,2.4,2
"בית שאן","2020-08-12",19310,6.70391061452514,2,1.499999999999999,6.2143966856551,11.999999999999996,92.6980838943553,2.4,2
"יאנוח-ג'ת","2020-08-12",6568,2.40963855421687,1,NA,9.13520097442144,6.000000000000002,379.11084043849,2.4,2
"עמק יזרעאל","2020-08-12",37595,3.88888888888889,1,2.800000000000006,3.72389945471472,13.999999999999988,95.7574145498072,2.4,2
"עפולה","2020-08-12",53455,2.52764612954186,1,0.9411764705882343,2.99317182677018,15.999999999999996,118.417360396595,2.4,2
"קדומים","2020-08-12",4560,2.77777777777778,1,1,2.19298245614035,0.9999999999999997,78.9473684210526,2.4,2
"שבלי - אום אל-גנם","2020-08-12",6418,2.7027027027027,1,NA,4.67435338111561,2.9999999999999987,172.951075101278,2.4,2
"בית אריה","2020-08-12",5115,7.5,2,3,5.86510263929619,3.000000000000001,78.2013685239492,2.3,2
"בנימינה-גבעת עדה","2020-08-12",14466,5.14705882352941,2,1.166666666666666,4.83893266970828,6.999999999999997,94.0135490114752,2.3,2
"גבעת שמואל","2020-08-12",25077,3.83275261324042,1,0.35483870967741926,4.38648961199506,11.000000000000012,114.44750169478,2.3,2
"עמק הירדן","2020-08-12",13185,1.09289617486339,1,0.28571428571428625,1.51687523701176,2.0000000000000053,138.794084186576,2.2,2
"שלומי","2020-08-12",6656,4.34782608695652,1,1,4.50721153846154,3.000000000000001,103.665865384615,2.2,2
"אלפי מנשה","2020-08-12",7836,2.32558139534884,1,0.22222222222222257,2.55232261357836,2.000000000000003,109.749872383869,2.1,2
"גבעתיים","2020-08-12",55274,1.9774011299435,1,1.0714285714285705,2.71375330173318,14.99999999999998,128.089155841806,2.1,2
"גן יבנה","2020-08-12",22517,6.9364161849711,2,1.0909090909090895,5.32930674601412,11.999999999999993,76.8308389217036,2.1,2
"הרצליה","2020-08-12",92766,2.74809160305344,1,0.6666666666666666,3.88073216480176,36.00000000000001,141.215531552508,2.1,2
"בני עי""ש","2020-08-12",6778,5.71428571428571,2,4.000000000000007,5.90144585423429,4.000000000000002,103.2753024491,2,2
"יבנאל","2020-08-12",4152,5.55555555555556,2,1.499999999999999,7.22543352601156,3,86.7052023121387,2,2
"פקיעין (בוקייעה)","2020-08-12",5905,4.34782608695652,1,2,6.77392040643522,3.999999999999998,155.80016934801,2,1
"רמת השרון","2020-08-12",45339,2.1015761821366,1,0.4000000000000006,2.6467279825316,12.00000000000002,125.940139835462,2,2
"מבשרת ציון","2020-08-12",23147,2.66666666666667,1,0.7272727272727263,3.45617142610273,7.9999999999999885,129.606428478853,1.9,1
"גדרות","2020-08-12",4675,3.125,1,1,2.13903743315508,0.9999999999999998,68.4491978609626,1.8,1
"בית אל","2020-08-12",5700,4.34782608695652,1,0.2500000000000007,3.50877192982456,1.9999999999999993,80.7017543859649,1.7,1
"דרום השרון","2020-08-12",30924,2.93159609120521,1,0.6000000000000001,2.91036088474971,9.000000000000004,99.275643513129,1.7,1
"קצרין","2020-08-12",7500,0,1,0,0,0,48,1.7,1
"הערבה התיכונה","2020-08-12",3655,0,1,NA,0,0,24.6238030095759,1.5,1
"מעלה אפרים","2020-08-12",1451,0,1,0,0,0,41.3507925568573,1.5,1
"כפר תבור","2020-08-12",4388,0,1,NA,0,0,63.8103919781221,1.4,1
"נשר","2020-08-12",22177,1.27388535031847,1,1.3333333333333333,1.80367046940524,4.000000000000001,141.588131848311,1.4,1
"ראמה","2020-08-12",8342,2.38095238095238,1,NA,2.39750659314313,1.9999999999999993,100.695276912012,1.4,1
"תל מונד","2020-08-12",12820,1.47783251231527,1,0.75,2.34009360374415,3.000000000000001,158.346333853354,1.3,1
"הגליל העליון","2020-08-12",17288,0,1,0,0,0,81.5594632114762,1.2,1
"כסרא-סמיע","2020-08-12",8705,5.08474576271186,2,6.000000000000018,6.89259046524986,6.0000000000000036,135.554279149914,1.2,1
"מסעדה","2020-08-12",4078,6.83760683760684,2,4.0000000000000036,19.6174595389897,8,286.905345757724,1.2,1
"אעבלין","2020-08-12",13219,1.27388535031847,1,0.6666666666666667,1.51297374990544,2.000000000000001,118.768439367577,1,0
"יסוד המעלה","2020-08-12",1595,11.7647058823529,4,2.0000000000000067,12.5391849529781,2.000000000000007,106.583072100313,1,1
"לקיה","2020-08-12",15347,3.17460317460317,1,1.5000000000000078,1.95477943572034,3.0000000000000058,82.1007363002541,1,0
"קרית ים","2020-08-12",39287,0.920810313075506,1,0.9090909090909091,2.5453712423957,9.999999999999986,276.427316924173,1,0
"בוסתן אל-מרג","2020-08-12",8389,5.55555555555556,2,0.27777777777777735,5.96018595780188,4.999999999999997,107.283347240434,0.8,0
"כפר שמריהו","2020-08-12",1999,0,1,NA,0,0,85.0425212606303,0.8,0
"גולן","2020-08-12",17320,1.20481927710843,1,0.33333333333333237,0.577367205542725,0.9999999999999998,47.9214780600462,0.7,0
"אשכול","2020-08-12",13955,1.20481927710843,1,1,0.716589036187746,0.9999999999999997,59.4768900035829,0.5,0
"לכיש","2020-08-12",12205,5.12820512820513,2,0.545454545454546,4.91601802539943,6.000000000000004,95.8623514952888,0.5,0
"אל קסום","2020-08-12",12568,0,1,0,0,0,22.2788033099936,0.4,0
"זכרון יעקב","2020-08-12",22277,2.85714285714286,1,0.5555555555555542,2.24446738788885,4.999999999999991,78.5563585761099,0.4,0
"מזכרת בתיה","2020-08-12",15049,2.06185567010309,1,0.6666666666666633,1.32899195959864,1.9999999999999931,64.4561100405343,0.4,0
"להבים","2020-08-12",6235,0,1,NA,0,0,109.06174819567,0.3,0
"ערבות הירדן","2020-08-12",5671,0,1,0,0,0,52.9007229765474,0.2,0
"אל-בטוף","2020-08-12",8267,4.28571428571429,1,NA,3.62888593201887,3,84.6740050804403,0,0
"טובא-זנגריה","2020-08-12",6778,0,1,0,0,0,35.4086751254057,0,0
"כפר כמא","2020-08-12",3366,0,1,NA,0,0,59.41770647653,0,0
"מטולה","2020-08-12",1567,0,1,NA,0,0,63.8162093171666,0,0
"משהד","2020-08-12",8798,0,1,0,0,0,75.017049329393,0,0
"נווה מדבר","2020-08-12",8226,0,1,NA,0,0,21.8818380743982,0,0
"ע'ג'ר","2020-08-12",2686,0,1,0,0,0,40.9530900967982,0,0
"עין קנייא","2020-08-12",2369,11.7647058823529,4,NA,21.1059518784297,4.999999999999996,215.280709159983,0,0
"עספיא","2020-08-12",12276,0.704225352112676,1,NA,1.62919517758227,1.9999999999999944,115.672857608341,0,0
